idMovimentacao,nome,nomeCategoria,quantidade,momento
1,"Lenco Umedecido",Higiene,4,"2021-01-12 17:00:45"
2,Coca-cola,Bebidas,1,"2021-01-12 17:01:22"
3,Fandangos,Alimentos,2,"2021-01-12 17:01:22"
4,Coca-cola,Bebidas,1,"2021-01-12 17:01:22"
5,Fandangos,Alimentos,4,"2021-01-12 17:01:22"
6,Fandangos,Alimentos,4,"2021-01-12 17:01:40"
7,Fandangos,Alimentos,4,"2021-01-12 17:01:40"
8,Coca-cola,Bebidas,1,"2021-01-12 17:01:57"
9,Pepsi,Bebidas,2,"2021-01-12 17:02:15"
10,Coca-cola,Bebidas,1,"2021-01-12 17:02:15"
11,Fandangos,Alimentos,3,"2021-01-12 17:02:15"
12,Fandangos,Alimentos,2,"2021-01-12 17:02:33"
13,Pepsi,Bebidas,1,"2021-01-12 17:02:33"
14,Pepsi,Bebidas,5,"2021-01-12 17:02:51"
15,Fandangos,Alimentos,4,"2021-01-12 17:02:51"
16,Pepsi,Bebidas,3,"2021-01-12 17:02:51"
17,Fandangos,Alimentos,1,"2021-01-12 17:03:09"
18,Coca-cola,Bebidas,1,"2021-01-12 17:03:09"
19,Fandangos,Alimentos,4,"2021-01-12 17:03:27"
20,Coca-cola,Bebidas,3,"2021-01-12 17:03:45"
21,Fandangos,Alimentos,4,"2021-01-12 17:03:45"
22,"Lenco Umedecido",Higiene,1,"2021-01-12 17:04:02"
23,"Lenco Umedecido",Higiene,4,"2021-01-12 17:04:20"
24,Pepsi,Bebidas,4,"2021-01-12 17:04:20"
25,Fandangos,Alimentos,3,"2021-01-12 17:04:20"
26,Coca-cola,Bebidas,2,"2021-01-12 17:04:38"
27,Fandangos,Alimentos,2,"2021-01-12 17:04:56"
28,Coca-cola,Bebidas,4,"2021-01-12 17:04:56"
29,Pepsi,Bebidas,2,"2021-01-12 17:05:13"
30,"Lenco Umedecido",Higiene,5,"2021-01-12 17:05:13"
31,"Lenco Umedecido",Higiene,5,"2021-01-12 17:05:13"
32,Pepsi,Bebidas,3,"2021-01-12 17:05:31"
33,"Lenco Umedecido",Higiene,1,"2021-01-12 17:05:31"
34,Pepsi,Bebidas,5,"2021-01-12 17:05:31"
35,Coca-cola,Bebidas,1,"2021-01-12 17:05:49"
36,"Lenco Umedecido",Higiene,5,"2021-01-12 17:05:49"
37,Fandangos,Alimentos,4,"2021-01-12 17:05:49"
38,Pepsi,Bebidas,5,"2021-01-12 17:05:49"
39,"Lenco Umedecido",Higiene,3,"2021-01-12 17:06:07"
40,Fandangos,Alimentos,3,"2021-01-12 17:06:07"
41,Fandangos,Alimentos,3,"2021-01-12 17:06:07"
42,Coca-cola,Bebidas,2,"2021-01-12 17:06:07"
43,"Lenco Umedecido",Higiene,1,"2021-01-12 17:06:25"
44,"Lenco Umedecido",Higiene,5,"2021-01-12 17:06:25"
45,Pepsi,Bebidas,2,"2021-01-12 17:06:25"
46,Fandangos,Alimentos,4,"2021-01-12 17:06:42"
47,Fandangos,Alimentos,4,"2021-01-12 17:06:42"
48,Coca-cola,Bebidas,3,"2021-01-12 17:06:42"
49,Coca-cola,Bebidas,1,"2021-01-12 17:07:00"
50,Fandangos,Alimentos,4,"2021-01-12 17:07:00"
51,"Lenco Umedecido",Higiene,3,"2021-01-12 17:07:18"
52,"Lenco Umedecido",Higiene,4,"2021-01-12 17:07:18"
53,"Lenco Umedecido",Higiene,5,"2021-01-12 17:07:18"
54,Pepsi,Bebidas,3,"2021-01-12 17:07:36"
55,Fandangos,Alimentos,5,"2021-01-12 17:07:36"
56,Fandangos,Alimentos,2,"2021-01-12 17:07:36"
57,Coca-cola,Bebidas,4,"2021-01-12 17:07:54"
58,Fandangos,Alimentos,2,"2021-01-12 17:07:54"
59,Fandangos,Alimentos,2,"2021-01-12 17:07:54"
60,Coca-cola,Bebidas,4,"2021-01-12 17:07:54"
61,Pepsi,Bebidas,1,"2021-01-12 17:08:12"
62,Coca-cola,Bebidas,1,"2021-01-12 17:08:12"
63,Fandangos,Alimentos,2,"2021-01-12 17:08:30"
64,Pepsi,Bebidas,5,"2021-01-12 17:08:30"
65,Coca-cola,Bebidas,2,"2021-01-12 17:08:47"
66,"Lenco Umedecido",Higiene,4,"2021-01-12 17:08:47"
67,Pepsi,Bebidas,2,"2021-01-12 17:08:47"
68,Pepsi,Bebidas,2,"2021-01-12 17:09:05"
69,Pepsi,Bebidas,1,"2021-01-12 17:09:05"
70,Coca-cola,Bebidas,5,"2021-01-12 17:09:05"
71,"Lenco Umedecido",Higiene,2,"2021-01-12 17:09:23"
72,Fandangos,Alimentos,5,"2021-01-12 17:09:23"
73,Pepsi,Bebidas,4,"2021-01-12 17:09:41"
74,"Lenco Umedecido",Higiene,4,"2021-01-12 17:09:41"
75,Pepsi,Bebidas,4,"2021-01-12 17:09:41"
76,"Lenco Umedecido",Higiene,2,"2021-01-12 17:09:58"
77,Fandangos,Alimentos,3,"2021-01-12 17:10:16"
78,Coca-cola,Bebidas,3,"2021-01-12 17:10:16"
79,Pepsi,Bebidas,3,"2021-01-12 17:10:34"
80,Pepsi,Bebidas,2,"2021-01-12 17:10:34"
81,Pepsi,Bebidas,5,"2021-01-12 17:10:34"
82,"Lenco Umedecido",Higiene,1,"2021-01-12 17:10:34"
83,"Lenco Umedecido",Higiene,2,"2021-01-12 17:10:52"
84,Fandangos,Alimentos,5,"2021-01-12 17:10:52"
85,Fandangos,Alimentos,4,"2021-01-12 17:10:52"
86,"Lenco Umedecido",Higiene,5,"2021-01-12 17:11:10"
87,Coca-cola,Bebidas,3,"2021-01-12 17:11:10"
88,Fandangos,Alimentos,1,"2021-01-12 17:11:10"
89,Pepsi,Bebidas,1,"2021-01-12 17:11:10"
90,Fandangos,Alimentos,1,"2021-01-12 17:11:27"
91,Coca-cola,Bebidas,3,"2021-01-12 17:11:27"
92,Fandangos,Alimentos,4,"2021-01-12 17:11:45"
93,"Lenco Umedecido",Higiene,4,"2021-01-12 17:11:45"
94,Pepsi,Bebidas,1,"2021-01-12 17:12:03"
95,Coca-cola,Bebidas,2,"2021-01-12 17:12:03"
96,Coca-cola,Bebidas,4,"2021-01-12 17:12:03"
97,Fandangos,Alimentos,4,"2021-01-12 17:12:03"
98,Pepsi,Bebidas,5,"2021-01-12 17:12:21"
99,Fandangos,Alimentos,3,"2021-01-12 17:12:21"
100,Pepsi,Bebidas,5,"2021-01-12 17:12:21"
101,Coca-cola,Bebidas,1,"2021-01-12 17:12:39"
102,Pepsi,Bebidas,4,"2021-01-12 17:12:39"
103,Coca-cola,Bebidas,2,"2021-01-12 17:12:39"
104,Coca-cola,Bebidas,1,"2021-01-12 17:12:56"
105,"Lenco Umedecido",Higiene,3,"2021-01-12 17:13:14"
106,Fandangos,Alimentos,5,"2021-01-12 17:13:32"
107,"Lenco Umedecido",Higiene,5,"2021-01-12 17:13:32"
108,Pepsi,Bebidas,4,"2021-01-12 17:13:50"
109,Coca-cola,Bebidas,3,"2021-01-12 17:13:50"
110,Pepsi,Bebidas,3,"2021-01-12 17:13:50"
111,Fandangos,Alimentos,1,"2021-01-12 17:14:07"
112,"Lenco Umedecido",Higiene,4,"2021-01-12 17:14:07"
113,Fandangos,Alimentos,2,"2021-01-12 17:14:07"
114,Pepsi,Bebidas,5,"2021-01-12 17:14:07"
115,"Lenco Umedecido",Higiene,1,"2021-01-12 17:14:25"
116,"Lenco Umedecido",Higiene,4,"2021-01-12 17:14:25"
117,"Lenco Umedecido",Higiene,5,"2021-01-12 17:14:25"
118,Fandangos,Alimentos,1,"2021-01-12 17:14:43"
119,Coca-cola,Bebidas,4,"2021-01-12 17:14:43"
120,Pepsi,Bebidas,5,"2021-01-12 17:14:43"
121,"Lenco Umedecido",Higiene,5,"2021-01-12 17:15:01"
122,Fandangos,Alimentos,4,"2021-01-12 17:15:01"
123,Coca-cola,Bebidas,3,"2021-01-12 17:15:19"
124,"Lenco Umedecido",Higiene,5,"2021-01-12 17:15:36"
125,Pepsi,Bebidas,1,"2021-01-12 17:15:36"
126,"Lenco Umedecido",Higiene,1,"2021-01-12 17:15:36"
127,Fandangos,Alimentos,3,"2021-01-12 17:15:54"
128,Coca-cola,Bebidas,4,"2021-01-12 17:16:12"
129,"Lenco Umedecido",Higiene,5,"2021-01-12 17:16:30"
130,Pepsi,Bebidas,5,"2021-01-12 17:16:30"
131,Fandangos,Alimentos,4,"2021-01-12 17:16:30"
132,Pepsi,Bebidas,2,"2021-01-12 17:16:30"
133,Pepsi,Bebidas,1,"2021-01-12 17:16:48"
134,Fandangos,Alimentos,3,"2021-01-12 17:17:05"
135,Coca-cola,Bebidas,5,"2021-01-12 17:17:23"
136,Pepsi,Bebidas,5,"2021-01-13 01:12:37"
137,Coca-cola,Bebidas,1,"2021-01-13 01:13:05"
138,"Lenco Umedecido",Higiene,3,"2021-01-13 01:13:05"
139,Pepsi,Bebidas,5,"2021-01-13 01:13:24"
140,"Lenco Umedecido",Higiene,1,"2021-01-13 01:13:24"
141,"Lenco Umedecido",Higiene,5,"2021-01-13 01:13:24"
142,Fandangos,Alimentos,5,"2021-01-13 01:13:24"
143,Coca-cola,Bebidas,2,"2021-01-13 01:13:44"
144,Fandangos,Alimentos,3,"2021-01-13 01:14:02"
145,"Lenco Umedecido",Higiene,5,"2021-01-13 01:14:02"
146,Pepsi,Bebidas,1,"2021-01-13 01:14:02"
147,Coca-cola,Bebidas,3,"2021-01-13 01:14:02"
148,"Lenco Umedecido",Higiene,3,"2021-01-13 01:14:29"
149,Coca-cola,Bebidas,3,"2021-01-13 01:14:29"
150,"Lenco Umedecido",Higiene,3,"2021-01-13 01:14:29"
151,Pepsi,Bebidas,1,"2021-01-13 01:14:48"
152,Coca-cola,Bebidas,5,"2021-01-13 01:14:48"
153,Fandangos,Alimentos,4,"2021-01-13 01:14:48"
154,Fandangos,Alimentos,3,"2021-01-13 01:15:07"
155,"Lenco Umedecido",Higiene,2,"2021-01-13 01:15:24"
156,"Lenco Umedecido",Higiene,3,"2021-01-13 01:15:24"
157,Fandangos,Alimentos,2,"2021-01-13 01:15:24"
158,"Lenco Umedecido",Higiene,4,"2021-01-13 01:15:24"
161,Coca-cola,Bebidas,2,"2021-01-13 23:42:14"
162,Coca-cola,Bebidas,1,"2021-01-13 23:42:14"
163,"Lenco Umedecido",Higiene,4,"2021-01-13 23:42:33"
164,Pepsi,Bebidas,4,"2021-01-13 23:42:33"
165,Pepsi,Bebidas,3,"2021-01-13 23:42:51"
166,Pepsi,Bebidas,5,"2021-01-13 23:43:09"
167,"Lenco Umedecido",Higiene,2,"2021-01-13 23:43:09"
168,Coca-cola,Bebidas,1,"2021-01-13 23:43:09"
169,Pepsi,Bebidas,3,"2021-01-13 23:43:09"
170,Fandangos,Alimentos,5,"2021-01-13 23:43:27"
171,Coca-cola,Bebidas,3,"2021-01-13 23:43:27"
172,Pepsi,Bebidas,1,"2021-01-13 23:43:27"
173,"Lenco Umedecido",Higiene,1,"2021-01-13 23:43:27"
174,Fandangos,Alimentos,1,"2021-01-13 23:43:45"
175,Fandangos,Alimentos,3,"2021-01-13 23:43:45"
176,Pepsi,Bebidas,2,"2021-01-13 23:43:45"
177,"Lenco Umedecido",Higiene,1,"2021-01-13 23:44:03"
178,Pepsi,Bebidas,3,"2021-01-13 23:44:03"
179,"Lenco Umedecido",Higiene,1,"2021-01-13 23:44:03"
180,Pepsi,Bebidas,5,"2021-01-13 23:44:21"
181,Fandangos,Alimentos,2,"2021-01-13 23:44:21"
182,Pepsi,Bebidas,2,"2021-01-13 23:44:21"
183,Coca-cola,Bebidas,4,"2021-01-13 23:44:39"
184,Fandangos,Alimentos,4,"2021-01-13 23:44:39"
185,Pepsi,Bebidas,2,"2021-01-13 23:44:39"
186,Coca-cola,Bebidas,3,"2021-01-13 23:44:39"
187,Fandangos,Alimentos,3,"2021-01-13 23:44:57"
188,Coca-cola,Bebidas,5,"2021-01-13 23:44:57"
189,"Lenco Umedecido",Higiene,4,"2021-01-13 23:44:57"
190,"Lenco Umedecido",Higiene,3,"2021-01-13 23:44:57"
191,Pepsi,Bebidas,1,"2021-01-13 23:45:15"
192,Fandangos,Alimentos,5,"2021-01-13 23:45:15"
193,Coca-cola,Bebidas,4,"2021-01-13 23:45:15"
194,Pepsi,Bebidas,3,"2021-01-13 23:45:33"
195,Fandangos,Alimentos,3,"2021-01-13 23:45:33"
196,"Lenco Umedecido",Higiene,3,"2021-01-13 23:45:33"
197,"Lenco Umedecido",Higiene,3,"2021-01-13 23:45:51"
198,"Lenco Umedecido",Higiene,5,"2021-01-13 23:45:51"
199,Pepsi,Bebidas,3,"2021-01-13 23:45:51"
200,Coca-cola,Bebidas,1,"2021-01-13 23:45:51"
201,Fandangos,Alimentos,3,"2021-01-13 23:46:09"
202,Pepsi,Bebidas,5,"2021-01-13 23:46:09"
203,Fandangos,Alimentos,1,"2021-01-13 23:46:09"
204,"Lenco Umedecido",Higiene,2,"2021-01-13 23:46:09"
205,Fandangos,Alimentos,3,"2021-01-13 23:46:27"
206,Pepsi,Bebidas,1,"2021-01-13 23:46:46"
207,Fandangos,Alimentos,1,"2021-01-13 23:46:46"
208,"Lenco Umedecido",Higiene,1,"2021-01-13 23:46:46"
209,Coca-cola,Bebidas,4,"2021-01-13 23:47:06"
210,Pepsi,Bebidas,5,"2021-01-13 23:47:06"
211,Fandangos,Alimentos,1,"2021-01-13 23:47:06"
212,Fandangos,Alimentos,3,"2021-01-13 23:47:06"
213,Pepsi,Bebidas,3,"2021-01-13 23:47:23"
214,Coca-cola,Bebidas,1,"2021-01-13 23:47:23"
215,"Lenco Umedecido",Higiene,3,"2021-01-13 23:47:41"
216,Pepsi,Bebidas,2,"2021-01-13 23:47:41"
217,"Lenco Umedecido",Higiene,4,"2021-01-13 23:47:59"
218,"Lenco Umedecido",Higiene,4,"2021-01-13 23:47:59"
219,Coca-cola,Bebidas,5,"2021-01-13 23:47:59"
220,"Lenco Umedecido",Higiene,3,"2021-01-13 23:48:17"
221,Coca-cola,Bebidas,5,"2021-01-13 23:48:17"
222,Coca-cola,Bebidas,4,"2021-01-13 23:48:35"
223,Fandangos,Alimentos,4,"2021-01-13 23:48:35"
224,Fandangos,Alimentos,3,"2021-01-13 23:48:35"
225,Coca-cola,Bebidas,2,"2021-01-13 23:48:53"
226,Coca-cola,Bebidas,5,"2021-01-13 23:49:11"
227,Coca-cola,Bebidas,4,"2021-01-13 23:49:11"
228,Coca-cola,Bebidas,2,"2021-01-13 23:49:29"
229,Fandangos,Alimentos,3,"2021-01-13 23:49:47"
230,Coca-cola,Bebidas,5,"2021-01-13 23:49:47"
231,Fandangos,Alimentos,5,"2021-01-13 23:49:47"
232,Fandangos,Alimentos,1,"2021-01-13 23:49:47"
233,"Lenco Umedecido",Higiene,2,"2021-01-13 23:50:05"
234,"Lenco Umedecido",Higiene,1,"2021-01-13 23:50:05"
235,"Lenco Umedecido",Higiene,2,"2021-01-13 23:50:05"
236,"Lenco Umedecido",Higiene,4,"2021-01-13 23:50:05"
237,"Lenco Umedecido",Higiene,3,"2021-01-13 23:50:23"
238,"Lenco Umedecido",Higiene,5,"2021-01-13 23:50:23"
239,Coca-cola,Bebidas,5,"2021-01-13 23:50:23"
240,Pepsi,Bebidas,3,"2021-01-13 23:50:41"
241,"Lenco Umedecido",Higiene,4,"2021-01-13 23:50:41"
242,Coca-cola,Bebidas,4,"2021-01-13 23:50:41"
243,Pepsi,Bebidas,1,"2021-01-13 23:50:59"
244,Coca-cola,Bebidas,5,"2021-01-13 23:51:17"
245,"Lenco Umedecido",Higiene,5,"2021-01-13 23:51:17"
246,Fandangos,Alimentos,4,"2021-01-13 23:51:35"
247,Pepsi,Bebidas,1,"2021-01-13 23:51:53"
248,Fandangos,Alimentos,4,"2021-01-13 23:51:53"
249,Coca-cola,Bebidas,3,"2021-01-13 23:52:11"
250,Coca-cola,Bebidas,3,"2021-01-13 23:52:11"
251,Pepsi,Bebidas,3,"2021-01-13 23:52:29"
252,Pepsi,Bebidas,4,"2021-01-13 23:52:29"
253,Fandangos,Alimentos,4,"2021-01-13 23:52:29"
254,Fandangos,Alimentos,1,"2021-01-13 23:52:47"
255,"Lenco Umedecido",Higiene,2,"2021-01-13 23:52:47"
256,"Lenco Umedecido",Higiene,1,"2021-01-13 23:52:47"
257,Pepsi,Bebidas,3,"2021-01-13 23:52:47"
258,Coca-cola,Bebidas,3,"2021-01-13 23:53:05"
259,Fandangos,Alimentos,1,"2021-01-13 23:53:23"
260,"Lenco Umedecido",Higiene,1,"2021-01-13 23:53:23"
261,Pepsi,Bebidas,3,"2021-01-13 23:53:23"
262,Coca-cola,Bebidas,1,"2021-01-13 23:53:23"
263,"Lenco Umedecido",Higiene,1,"2021-01-13 23:53:41"
264,"Lenco Umedecido",Higiene,3,"2021-01-13 23:53:41"
265,Pepsi,Bebidas,5,"2021-01-13 23:53:59"
266,Pepsi,Bebidas,3,"2021-01-13 23:53:59"
267,Fandangos,Alimentos,2,"2021-01-13 23:53:59"
268,Fandangos,Alimentos,1,"2021-01-13 23:54:17"
269,Pepsi,Bebidas,1,"2021-01-13 23:54:17"
270,Pepsi,Bebidas,4,"2021-01-13 23:54:17"
271,"Lenco Umedecido",Higiene,5,"2021-01-13 23:54:17"
272,Coca-cola,Bebidas,3,"2021-01-13 23:54:35"
273,Pepsi,Bebidas,1,"2021-01-13 23:54:35"
274,Coca-cola,Bebidas,3,"2021-01-13 23:54:53"
275,Pepsi,Bebidas,3,"2021-01-13 23:55:11"
276,"Lenco Umedecido",Higiene,5,"2021-01-13 23:55:11"
277,Fandangos,Alimentos,2,"2021-01-13 23:55:11"
278,Pepsi,Bebidas,4,"2021-01-13 23:55:29"
279,Pepsi,Bebidas,2,"2021-01-13 23:55:29"
280,Fandangos,Alimentos,5,"2021-01-13 23:55:47"
281,"Lenco Umedecido",Higiene,2,"2021-01-13 23:55:47"
282,Pepsi,Bebidas,5,"2021-01-13 23:55:47"
283,Fandangos,Alimentos,4,"2021-01-13 23:56:05"
284,Fandangos,Alimentos,3,"2021-01-13 23:56:22"
285,Fandangos,Alimentos,2,"2021-01-13 23:56:40"
286,Coca-cola,Bebidas,1,"2021-01-13 23:56:40"
287,"Lenco Umedecido",Higiene,2,"2021-01-13 23:56:40"
288,Fandangos,Alimentos,2,"2021-01-13 23:56:58"
289,Fandangos,Alimentos,5,"2021-01-13 23:56:58"
290,Fandangos,Alimentos,5,"2021-01-13 23:56:58"
291,Pepsi,Bebidas,1,"2021-01-13 23:56:58"
292,Coca-cola,Bebidas,2,"2021-01-13 23:57:16"
293,Coca-cola,Bebidas,2,"2021-01-13 23:57:16"
294,Coca-cola,Bebidas,4,"2021-01-13 23:57:16"
295,"Lenco Umedecido",Higiene,4,"2021-01-13 23:57:16"
296,"Lenco Umedecido",Higiene,2,"2021-01-13 23:57:34"
297,"Lenco Umedecido",Higiene,1,"2021-01-13 23:57:52"
298,Fandangos,Alimentos,3,"2021-01-13 23:58:10"
299,Coca-cola,Bebidas,1,"2021-01-13 23:58:10"
300,Pepsi,Bebidas,2,"2021-01-13 23:58:28"
301,Fandangos,Alimentos,5,"2021-01-13 23:58:28"
302,Pepsi,Bebidas,4,"2021-01-13 23:58:28"
303,Coca-cola,Bebidas,3,"2021-01-13 23:58:46"
304,Coca-cola,Bebidas,1,"2021-01-13 23:58:46"
305,Fandangos,Alimentos,2,"2021-01-13 23:59:03"
306,Coca-cola,Bebidas,3,"2021-01-13 23:59:03"
307,"Lenco Umedecido",Higiene,1,"2021-01-13 23:59:03"
308,Pepsi,Bebidas,5,"2021-01-13 23:59:20"
309,Pepsi,Bebidas,3,"2021-01-13 23:59:20"
310,"Lenco Umedecido",Higiene,2,"2021-01-13 23:59:20"
311,"Lenco Umedecido",Higiene,5,"2021-01-13 23:59:20"
312,"Lenco Umedecido",Higiene,2,"2021-01-13 23:59:39"
313,Coca-cola,Bebidas,4,"2021-01-13 23:59:39"
314,Pepsi,Bebidas,2,"2021-01-13 23:59:39"
315,"Lenco Umedecido",Higiene,2,"2021-01-13 23:59:39"
316,Coca-cola,Bebidas,4,"2021-01-13 23:59:57"
317,Fandangos,Alimentos,300,"2021-01-13 23:59:57"
318,"Lenco Umedecido",Higiene,1,"2021-01-13 23:59:57"
319,Coca-cola,Bebidas,1,"2021-01-14 00:00:15"
320,Fandangos,Alimentos,2,"2021-01-14 00:00:33"
321,Fandangos,Alimentos,2,"2021-01-14 00:00:33"
322,Fandangos,Alimentos,1,"2021-01-14 00:00:51"
323,Coca-cola,Bebidas,2,"2021-01-14 00:01:08"
324,Fandangos,Alimentos,5,"2021-01-14 00:01:08"
325,Coca-cola,Bebidas,3,"2021-01-14 00:01:08"
326,Fandangos,Alimentos,5,"2021-01-14 00:01:08"
327,"Lenco Umedecido",Higiene,5,"2021-01-14 00:01:26"
328,"Lenco Umedecido",Higiene,4,"2021-01-14 00:01:26"
329,Fandangos,Alimentos,5,"2021-01-14 00:01:26"
330,Pepsi,Bebidas,2,"2021-01-14 00:01:26"
331,Fandangos,Alimentos,2,"2021-01-14 00:01:44"
332,Pepsi,Bebidas,1,"2021-01-14 00:01:44"
333,"Lenco Umedecido",Higiene,4,"2021-01-14 00:01:44"
334,Pepsi,Bebidas,1,"2021-01-14 00:01:44"
335,"Lenco Umedecido",Higiene,4,"2021-01-14 00:02:02"
336,"Lenco Umedecido",Higiene,3,"2021-01-14 00:02:20"
337,"Lenco Umedecido",Higiene,1,"2021-01-14 00:02:20"
338,Pepsi,Bebidas,3,"2021-01-14 00:02:20"
339,Fandangos,Alimentos,2,"2021-01-14 00:02:38"
340,Pepsi,Bebidas,2,"2021-01-14 00:02:38"
341,"Lenco Umedecido",Higiene,3,"2021-01-14 00:02:38"
342,Coca-cola,Bebidas,3,"2021-01-14 00:02:38"
343,Pepsi,Bebidas,1,"2021-01-14 00:02:56"
344,Pepsi,Bebidas,4,"2021-01-14 00:02:56"
345,Coca-cola,Bebidas,1,"2021-01-14 00:02:56"
346,Pepsi,Bebidas,1,"2021-01-14 00:03:13"
347,Coca-cola,Bebidas,5,"2021-01-14 00:03:13"
348,Coca-cola,Bebidas,5,"2021-01-14 00:03:13"
349,Coca-cola,Bebidas,2,"2021-01-14 00:03:31"
350,Fandangos,Alimentos,2,"2021-01-14 00:03:31"
351,Fandangos,Alimentos,3,"2021-01-14 00:03:31"
352,Fandangos,Alimentos,2,"2021-01-14 00:03:49"
353,Pepsi,Bebidas,5,"2021-01-14 00:04:07"
354,Fandangos,Alimentos,5,"2021-01-14 00:04:24"
355,Pepsi,Bebidas,3,"2021-01-14 00:04:42"
356,Coca-cola,Bebidas,1,"2021-01-14 00:05:00"
357,Fandangos,Alimentos,5,"2021-01-14 00:05:00"
358,Coca-cola,Bebidas,1,"2021-01-14 00:05:00"
359,Coca-cola,Bebidas,4,"2021-01-14 00:05:18"
360,Coca-cola,Bebidas,4,"2021-01-14 00:05:18"
361,Fandangos,Alimentos,4,"2021-01-14 00:05:18"
362,"Lenco Umedecido",Higiene,4,"2021-01-14 00:05:18"
363,Fandangos,Alimentos,3,"2021-01-14 00:05:36"
364,"Lenco Umedecido",Higiene,1,"2021-01-14 00:05:36"
365,Coca-cola,Bebidas,3,"2021-01-14 00:05:54"
366,"Lenco Umedecido",Higiene,3,"2021-01-14 00:05:54"
367,Pepsi,Bebidas,3,"2021-01-14 00:06:14"
368,Coca-cola,Bebidas,3,"2021-01-14 00:06:14"
369,"Lenco Umedecido",Higiene,1,"2021-01-14 00:06:14"
370,Coca-cola,Bebidas,3,"2021-01-14 00:06:14"
371,Coca-cola,Bebidas,4,"2021-01-14 00:06:32"
372,"Lenco Umedecido",Higiene,1,"2021-01-14 00:06:32"
373,Coca-cola,Bebidas,5,"2021-01-14 00:06:32"
374,Coca-cola,Bebidas,4,"2021-01-14 00:06:32"
375,Pepsi,Bebidas,4,"2021-01-14 00:06:50"
376,Fandangos,Alimentos,2,"2021-01-14 00:06:50"
377,Coca-cola,Bebidas,5,"2021-01-14 00:06:50"
378,Coca-cola,Bebidas,1,"2021-01-14 00:07:07"
379,Fandangos,Alimentos,2,"2021-01-14 00:07:07"
380,Pepsi,Bebidas,4,"2021-01-14 00:07:07"
381,Fandangos,Alimentos,5,"2021-01-14 00:07:25"
382,Fandangos,Alimentos,2,"2021-01-14 00:07:25"
383,Coca-cola,Bebidas,1,"2021-01-14 00:07:25"
384,"Lenco Umedecido",Higiene,5,"2021-01-14 00:07:25"
385,"Lenco Umedecido",Higiene,4,"2021-01-14 00:07:43"
386,Pepsi,Bebidas,3,"2021-01-14 00:07:43"
387,Pepsi,Bebidas,4,"2021-01-14 00:07:43"
388,Pepsi,Bebidas,4,"2021-01-14 00:08:01"
389,Pepsi,Bebidas,1,"2021-01-14 00:08:01"
390,Coca-cola,Bebidas,2,"2021-01-14 00:08:19"
391,Coca-cola,Bebidas,4,"2021-01-14 00:08:19"
392,Coca-cola,Bebidas,3,"2021-01-14 00:08:19"
393,Coca-cola,Bebidas,5,"2021-01-14 00:08:37"
394,Coca-cola,Bebidas,2,"2021-01-14 00:08:37"
395,Fandangos,Alimentos,5,"2021-01-14 00:08:37"
396,Fandangos,Alimentos,4,"2021-01-14 00:08:37"
397,Coca-cola,Bebidas,5,"2021-01-14 00:08:55"
398,Fandangos,Alimentos,5,"2021-01-14 00:08:55"
399,Pepsi,Bebidas,2,"2021-01-14 00:09:12"
400,Fandangos,Alimentos,5,"2021-01-14 00:09:12"
401,Fandangos,Alimentos,3,"2021-01-14 00:09:12"
402,Pepsi,Bebidas,4,"2021-01-14 00:09:12"
403,Fandangos,Alimentos,5,"2021-01-14 00:09:30"
404,Fandangos,Alimentos,3,"2021-01-14 00:09:30"
405,Pepsi,Bebidas,2,"2021-01-14 00:09:30"
406,Fandangos,Alimentos,4,"2021-01-14 00:09:30"
407,"Lenco Umedecido",Higiene,1,"2021-01-14 00:09:48"
408,Pepsi,Bebidas,1,"2021-01-14 00:10:06"
409,Pepsi,Bebidas,4,"2021-01-14 00:10:06"
410,Coca-cola,Bebidas,5,"2021-01-14 00:10:06"
411,Fandangos,Alimentos,5,"2021-01-14 00:10:24"
412,"Lenco Umedecido",Higiene,3,"2021-01-14 00:10:24"
413,"Lenco Umedecido",Higiene,4,"2021-01-14 00:10:42"
414,Pepsi,Bebidas,5,"2021-01-14 00:10:42"
415,Fandangos,Alimentos,4,"2021-01-14 00:10:42"
416,Coca-cola,Bebidas,1,"2021-01-14 00:11:00"
417,Coca-cola,Bebidas,1,"2021-01-14 00:11:00"
418,Pepsi,Bebidas,1,"2021-01-14 00:11:00"
419,Coca-cola,Bebidas,2,"2021-01-14 00:11:17"
420,Fandangos,Alimentos,5,"2021-01-14 00:11:17"
421,Coca-cola,Bebidas,1,"2021-01-14 00:11:35"
422,Pepsi,Bebidas,5,"2021-01-14 00:11:35"
423,Pepsi,Bebidas,5,"2021-01-14 00:11:35"
424,Pepsi,Bebidas,2,"2021-01-14 00:11:35"
425,Pepsi,Bebidas,1,"2021-01-14 00:11:53"
426,Pepsi,Bebidas,4,"2021-01-14 00:12:11"
427,Coca-cola,Bebidas,5,"2021-01-14 00:12:11"
428,"Lenco Umedecido",Higiene,3,"2021-01-14 00:12:11"
429,"Lenco Umedecido",Higiene,2,"2021-01-14 00:12:29"
430,Pepsi,Bebidas,4,"2021-01-14 00:12:47"
431,Fandangos,Alimentos,3,"2021-01-14 00:12:47"
432,"Lenco Umedecido",Higiene,5,"2021-01-14 00:12:47"
433,Coca-cola,Bebidas,1,"2021-01-14 00:13:04"
434,"Lenco Umedecido",Higiene,3,"2021-01-14 00:13:04"
435,Coca-cola,Bebidas,5,"2021-01-14 00:13:04"
436,"Papel Higienico",Higiene,2,"2021-01-15 21:28:54"
437,"Lenco Umedecido",Higiene,3,"2021-01-15 21:28:54"
438,"Papel Higienico",Higiene,2,"2021-01-15 21:28:54"
439,Pepsi,Bebidas,3,"2021-01-15 21:28:54"
440,Fandangos,Alimentos,2,"2021-01-15 21:28:54"
441,"Linguica Toscana",Alimentos,1,"2021-01-15 21:28:54"
442,"Linguica Toscana",Alimentos,3,"2021-01-15 21:29:12"
443,"Papel Higienico",Higiene,5,"2021-01-15 21:29:29"
444,"Lenco Umedecido",Higiene,2,"2021-01-15 21:29:29"
445,Coca-cola,Bebidas,3,"2021-01-15 21:29:29"
446,"Papel Higienico",Higiene,4,"2021-01-15 21:29:47"
447,"Linguica Toscana",Alimentos,1,"2021-01-15 21:29:47"
448,Fandangos,Alimentos,3,"2021-01-15 21:29:47"
449,Coca-cola,Bebidas,4,"2021-01-15 21:29:47"
450,Coca-cola,Bebidas,3,"2021-01-15 21:29:47"
451,Fandangos,Alimentos,4,"2021-01-15 21:29:47"
452,"Papel Higienico",Higiene,4,"2021-01-15 21:30:05"
453,"Lenco Umedecido",Higiene,5,"2021-01-15 21:30:23"
454,Coca-cola,Bebidas,3,"2021-01-15 21:30:23"
455,Pepsi,Bebidas,3,"2021-01-15 21:30:41"
456,Pepsi,Bebidas,2,"2021-01-15 21:30:41"
457,Coca-cola,Bebidas,3,"2021-01-15 21:30:41"
458,"Papel Higienico",Higiene,1,"2021-01-15 21:30:41"
459,"Papel Higienico",Higiene,2,"2021-01-15 21:30:59"
460,"Linguica Toscana",Alimentos,2,"2021-01-15 21:31:16"
461,"Papel Higienico",Higiene,4,"2021-01-15 21:31:34"
462,Pepsi,Bebidas,3,"2021-01-15 21:31:34"
463,"Linguica Toscana",Alimentos,2,"2021-01-15 21:31:52"
464,"Lenco Umedecido",Higiene,4,"2021-01-15 21:31:52"
465,Pepsi,Bebidas,5,"2021-01-15 21:31:52"
466,"Papel Higienico",Higiene,2,"2021-01-15 21:31:52"
467,"Papel Higienico",Higiene,2,"2021-01-15 21:31:52"
468,"Lenco Umedecido",Higiene,4,"2021-01-15 21:32:10"
469,"Lenco Umedecido",Higiene,4,"2021-01-15 21:32:10"
470,"Papel Higienico",Higiene,4,"2021-01-15 21:32:10"
471,"Linguica Toscana",Alimentos,4,"2021-01-15 21:32:10"
472,"Lenco Umedecido",Higiene,1,"2021-01-15 21:32:10"
473,"Papel Higienico",Higiene,3,"2021-01-15 21:32:28"
474,"Lenco Umedecido",Higiene,1,"2021-01-15 21:32:28"
475,"Linguica Toscana",Alimentos,2,"2021-01-15 21:32:28"
476,Coca-cola,Bebidas,2,"2021-01-15 21:32:28"
477,Pepsi,Bebidas,3,"2021-01-15 21:32:28"
478,"Lenco Umedecido",Higiene,1,"2021-01-15 21:32:46"
479,"Lenco Umedecido",Higiene,1,"2021-01-15 21:32:46"
480,Pepsi,Bebidas,4,"2021-01-15 21:32:46"
481,"Lenco Umedecido",Higiene,4,"2021-01-15 21:33:03"
482,Fandangos,Alimentos,2,"2021-01-15 21:33:03"
483,"Lenco Umedecido",Higiene,4,"2021-01-15 21:33:03"
484,"Papel Higienico",Higiene,1,"2021-01-15 21:33:03"
485,Coca-cola,Bebidas,5,"2021-01-15 21:33:03"
486,"Linguica Toscana",Alimentos,4,"2021-01-15 21:33:03"
487,"Linguica Toscana",Alimentos,3,"2021-01-15 21:33:22"
488,Coca-cola,Bebidas,2,"2021-01-15 21:33:22"
489,"Papel Higienico",Higiene,3,"2021-01-15 21:33:22"
490,Pepsi,Bebidas,2,"2021-01-15 21:33:22"
491,"Lenco Umedecido",Higiene,5,"2021-01-15 21:33:39"
492,"Papel Higienico",Higiene,5,"2021-01-15 21:33:39"
493,"Lenco Umedecido",Higiene,4,"2021-01-15 21:33:39"
494,"Papel Higienico",Higiene,5,"2021-01-15 21:33:39"
495,"Papel Higienico",Higiene,5,"2021-01-15 21:33:39"
496,Pepsi,Bebidas,1,"2021-01-15 21:33:39"
497,"Lenco Umedecido",Higiene,2,"2021-01-15 21:33:57"
498,"Lenco Umedecido",Higiene,1,"2021-01-15 21:33:57"
499,"Papel Higienico",Higiene,2,"2021-01-15 21:33:57"
500,"Linguica Toscana",Alimentos,1,"2021-01-15 21:34:15"
501,Pepsi,Bebidas,3,"2021-01-15 21:34:33"
502,"Linguica Toscana",Alimentos,5,"2021-01-15 21:34:33"
503,"Linguica Toscana",Alimentos,1,"2021-01-15 21:34:33"
504,Fandangos,Alimentos,3,"2021-01-15 21:34:33"
505,Pepsi,Bebidas,1,"2021-01-15 21:34:51"
506,"Linguica Toscana",Alimentos,1,"2021-01-15 21:34:51"
507,"Lenco Umedecido",Higiene,2,"2021-01-15 21:35:09"
508,"Lenco Umedecido",Higiene,3,"2021-01-15 21:35:09"
509,Fandangos,Alimentos,4,"2021-01-15 21:35:09"
510,"Lenco Umedecido",Higiene,4,"2021-01-15 21:35:09"
511,Pepsi,Bebidas,5,"2021-01-15 21:35:27"
512,Fandangos,Alimentos,2,"2021-01-15 21:35:27"
513,"Papel Higienico",Higiene,3,"2021-01-15 21:35:27"
514,Fandangos,Alimentos,5,"2021-01-15 21:35:44"
515,"Linguica Toscana",Alimentos,3,"2021-01-15 21:35:44"
516,"Papel Higienico",Higiene,2,"2021-01-15 21:35:44"
517,"Linguica Toscana",Alimentos,2,"2021-01-15 21:35:44"
518,"Papel Higienico",Higiene,1,"2021-01-15 21:35:44"
519,Coca-cola,Bebidas,5,"2021-01-15 21:35:44"
520,"Papel Higienico",Higiene,1,"2021-01-15 21:36:02"
521,Pepsi,Bebidas,4,"2021-01-15 21:36:02"
522,Fandangos,Alimentos,4,"2021-01-15 21:36:02"
523,Pepsi,Bebidas,2,"2021-01-15 21:36:02"
524,"Lenco Umedecido",Higiene,2,"2021-01-15 21:36:02"
525,Pepsi,Bebidas,1,"2021-01-15 21:36:02"
526,Pepsi,Bebidas,3,"2021-01-15 21:36:20"
527,"Linguica Toscana",Alimentos,3,"2021-01-15 21:36:20"
528,"Lenco Umedecido",Higiene,1,"2021-01-15 21:36:20"
529,Pepsi,Bebidas,3,"2021-01-15 21:36:20"
530,"Papel Higienico",Higiene,3,"2021-01-15 21:36:20"
531,"Linguica Toscana",Alimentos,2,"2021-01-15 21:36:38"
532,"Papel Higienico",Higiene,3,"2021-01-15 21:36:38"
533,Fandangos,Alimentos,3,"2021-01-15 21:36:38"
534,Pepsi,Bebidas,2,"2021-01-15 21:36:56"
535,Fandangos,Alimentos,4,"2021-01-15 21:36:56"
536,Pepsi,Bebidas,1,"2021-01-15 21:36:56"
537,"Lenco Umedecido",Higiene,1,"2021-01-15 21:36:56"
538,Coca-cola,Bebidas,3,"2021-01-15 21:36:56"
539,"Lenco Umedecido",Higiene,2,"2021-01-15 21:37:13"
540,"Lenco Umedecido",Higiene,1,"2021-01-15 21:37:13"
541,Coca-cola,Bebidas,4,"2021-01-15 21:37:13"
542,Coca-cola,Bebidas,3,"2021-01-15 21:37:13"
543,"Linguica Toscana",Alimentos,3,"2021-01-15 21:37:31"
544,Coca-cola,Bebidas,4,"2021-01-15 21:37:31"
545,Pepsi,Bebidas,3,"2021-01-15 21:37:31"
546,Fandangos,Alimentos,4,"2021-01-15 21:37:49"
547,"Lenco Umedecido",Higiene,2,"2021-01-15 21:37:49"
548,"Papel Higienico",Higiene,5,"2021-01-15 21:37:49"
549,"Lenco Umedecido",Higiene,2,"2021-01-15 21:37:49"
550,Fandangos,Alimentos,4,"2021-01-15 21:37:49"
551,Fandangos,Alimentos,3,"2021-01-15 21:38:07"
552,Pepsi,Bebidas,1,"2021-01-15 21:38:07"
553,"Lenco Umedecido",Higiene,5,"2021-01-15 21:38:07"
554,Coca-cola,Bebidas,4,"2021-01-15 21:38:25"
555,Coca-cola,Bebidas,1,"2021-01-15 21:38:25"
556,"Lenco Umedecido",Higiene,4,"2021-01-15 21:38:25"
557,"Lenco Umedecido",Higiene,1,"2021-01-15 21:38:25"
558,"Linguica Toscana",Alimentos,5,"2021-01-15 21:38:42"
559,Fandangos,Alimentos,5,"2021-01-15 21:38:42"
560,Coca-cola,Bebidas,1,"2021-01-15 21:38:42"
561,Pepsi,Bebidas,1,"2021-01-15 21:39:00"
562,Pepsi,Bebidas,4,"2021-01-15 21:39:00"
563,"Papel Higienico",Higiene,3,"2021-01-15 21:39:00"
564,Coca-cola,Bebidas,5,"2021-01-15 21:39:18"
565,"Lenco Umedecido",Higiene,1,"2021-01-15 21:39:18"
566,"Lenco Umedecido",Higiene,5,"2021-01-15 21:39:18"
567,"Linguica Toscana",Alimentos,3,"2021-01-15 21:39:18"
568,Pepsi,Bebidas,1,"2021-01-15 21:39:18"
569,Coca-cola,Bebidas,2,"2021-01-15 21:39:18"
570,Fandangos,Alimentos,4,"2021-01-15 21:39:36"
571,Coca-cola,Bebidas,4,"2021-01-15 21:39:36"
572,Fandangos,Alimentos,1,"2021-01-15 21:39:36"
573,Pepsi,Bebidas,5,"2021-01-15 21:39:36"
574,Coca-cola,Bebidas,4,"2021-01-15 21:39:36"
575,Coca-cola,Bebidas,5,"2021-01-15 21:39:36"
576,"Papel Higienico",Higiene,3,"2021-01-15 21:39:54"
577,"Lenco Umedecido",Higiene,5,"2021-01-15 21:39:54"
578,"Linguica Toscana",Alimentos,5,"2021-01-15 21:39:54"
579,"Lenco Umedecido",Higiene,1,"2021-01-15 21:40:12"
580,"Linguica Toscana",Alimentos,5,"2021-01-15 21:40:12"
581,Fandangos,Alimentos,3,"2021-01-15 21:40:12"
582,"Lenco Umedecido",Higiene,4,"2021-01-15 21:40:12"
583,"Lenco Umedecido",Higiene,2,"2021-01-15 21:40:12"
584,Coca-cola,Bebidas,4,"2021-01-15 21:40:12"
585,Coca-cola,Bebidas,4,"2021-01-15 21:40:30"
586,"Lenco Umedecido",Higiene,2,"2021-01-15 21:40:30"
587,Coca-cola,Bebidas,3,"2021-01-15 21:40:47"
588,Fandangos,Alimentos,1,"2021-01-15 21:40:47"
589,"Linguica Toscana",Alimentos,1,"2021-01-15 21:41:06"
590,"Lenco Umedecido",Higiene,4,"2021-01-15 21:41:06"
591,"Linguica Toscana",Alimentos,3,"2021-01-15 21:41:06"
592,Pepsi,Bebidas,1,"2021-01-15 21:41:24"
593,Coca-cola,Bebidas,1,"2021-01-15 21:41:24"
594,"Papel Higienico",Higiene,3,"2021-01-15 21:41:24"
595,Pepsi,Bebidas,5,"2021-01-15 21:41:24"
596,Pepsi,Bebidas,2,"2021-01-15 21:41:42"
597,"Linguica Toscana",Alimentos,5,"2021-01-15 21:41:59"
598,Coca-cola,Bebidas,4,"2021-01-15 21:42:17"
599,"Papel Higienico",Higiene,4,"2021-01-15 21:42:17"
600,"Linguica Toscana",Alimentos,2,"2021-01-15 21:42:17"
601,Coca-cola,Bebidas,2,"2021-01-15 21:42:35"
602,"Papel Higienico",Higiene,1,"2021-01-15 21:42:35"
603,"Papel Higienico",Higiene,2,"2021-01-15 21:42:53"
604,Pepsi,Bebidas,3,"2021-01-15 21:42:53"
605,Fandangos,Alimentos,4,"2021-01-15 21:42:53"
606,Coca-cola,Bebidas,5,"2021-01-15 21:42:53"
607,"Linguica Toscana",Alimentos,3,"2021-01-15 21:42:53"
608,Fandangos,Alimentos,2,"2021-01-15 21:42:53"
609,Pepsi,Bebidas,5,"2021-01-15 21:43:11"
610,Pepsi,Bebidas,3,"2021-01-15 21:43:11"
611,"Linguica Toscana",Alimentos,5,"2021-01-15 21:43:11"
612,"Linguica Toscana",Alimentos,1,"2021-01-15 21:43:11"
613,Coca-cola,Bebidas,5,"2021-01-15 21:43:29"
614,Coca-cola,Bebidas,4,"2021-01-15 21:43:29"
615,"Lenco Umedecido",Higiene,1,"2021-01-15 21:43:47"
616,"Lenco Umedecido",Higiene,3,"2021-01-15 21:43:47"
617,"Linguica Toscana",Alimentos,4,"2021-01-15 21:43:47"
618,"Linguica Toscana",Alimentos,5,"2021-01-15 21:43:47"
619,Coca-cola,Bebidas,1,"2021-01-15 21:44:05"
620,"Papel Higienico",Higiene,2,"2021-01-15 21:44:05"
621,Fandangos,Alimentos,4,"2021-01-15 21:44:05"
622,Coca-cola,Bebidas,1,"2021-01-15 21:44:05"
623,Pepsi,Bebidas,5,"2021-01-15 21:44:05"
624,Pepsi,Bebidas,3,"2021-01-15 21:44:23"
625,"Lenco Umedecido",Higiene,3,"2021-01-15 21:44:23"
626,"Linguica Toscana",Alimentos,5,"2021-01-15 21:44:23"
627,"Papel Higienico",Higiene,3,"2021-01-15 21:44:41"
628,"Lenco Umedecido",Higiene,3,"2021-01-15 21:44:41"
629,Coca-cola,Bebidas,1,"2021-01-15 21:44:41"
630,"Lenco Umedecido",Higiene,3,"2021-01-15 21:44:41"
631,Fandangos,Alimentos,4,"2021-01-15 21:44:59"
632,Pepsi,Bebidas,5,"2021-01-15 21:45:16"
633,Pepsi,Bebidas,2,"2021-01-15 21:45:16"
634,Fandangos,Alimentos,3,"2021-01-15 21:45:16"
635,Fandangos,Alimentos,2,"2021-01-15 21:45:16"
636,Pepsi,Bebidas,5,"2021-01-15 21:45:34"
637,Coca-cola,Bebidas,2,"2021-01-15 21:45:52"
638,"Linguica Toscana",Alimentos,1,"2021-01-15 21:45:52"
639,"Lenco Umedecido",Higiene,3,"2021-01-15 21:46:10"
640,"Papel Higienico",Higiene,3,"2021-01-15 21:46:10"
641,"Linguica Toscana",Alimentos,2,"2021-01-15 21:46:28"
642,"Linguica Toscana",Alimentos,1,"2021-01-15 21:46:28"
643,Coca-cola,Bebidas,5,"2021-01-15 21:46:28"
644,Coca-cola,Bebidas,3,"2021-01-15 21:46:28"
645,"Linguica Toscana",Alimentos,3,"2021-01-15 21:46:46"
646,Pepsi,Bebidas,4,"2021-01-15 21:47:04"
647,"Papel Higienico",Higiene,1,"2021-01-15 21:47:04"
648,"Linguica Toscana",Alimentos,4,"2021-01-15 21:47:04"
649,Fandangos,Alimentos,4,"2021-01-15 21:47:04"
650,"Lenco Umedecido",Higiene,2,"2021-01-15 21:47:22"
651,Fandangos,Alimentos,2,"2021-01-15 21:47:39"
652,Pepsi,Bebidas,1,"2021-01-15 21:47:39"
653,Coca-cola,Bebidas,1,"2021-01-15 21:47:39"
654,"Papel Higienico",Higiene,4,"2021-01-15 21:47:39"
655,"Lenco Umedecido",Higiene,1,"2021-01-15 21:47:39"
656,"Linguica Toscana",Alimentos,2,"2021-01-15 21:47:39"
657,"Linguica Toscana",Alimentos,3,"2021-01-15 21:47:58"
658,Coca-cola,Bebidas,2,"2021-01-15 21:47:58"
659,Fandangos,Alimentos,5,"2021-01-15 21:47:58"
660,"Papel Higienico",Higiene,5,"2021-01-15 21:47:58"
661,Pepsi,Bebidas,3,"2021-01-15 21:47:58"
662,Fandangos,Alimentos,5,"2021-01-15 21:48:16"
663,Fandangos,Alimentos,1,"2021-01-15 21:48:16"
664,"Linguica Toscana",Alimentos,5,"2021-01-15 21:48:16"
665,Coca-cola,Bebidas,2,"2021-01-15 21:48:16"
666,"Papel Higienico",Higiene,4,"2021-01-15 21:48:34"
667,Pepsi,Bebidas,5,"2021-01-15 21:48:34"
668,"Lenco Umedecido",Higiene,2,"2021-01-15 21:48:34"
669,"Papel Higienico",Higiene,1,"2021-01-15 21:48:53"
670,"Lenco Umedecido",Higiene,5,"2021-01-15 21:48:53"
671,Coca-cola,Bebidas,5,"2021-01-15 21:48:53"
672,"Linguica Toscana",Alimentos,5,"2021-01-15 21:48:53"
673,"Papel Higienico",Higiene,1,"2021-01-15 21:49:12"
674,Coca-cola,Bebidas,4,"2021-01-15 21:49:12"
675,Fandangos,Alimentos,1,"2021-01-15 21:49:12"
676,"Lenco Umedecido",Higiene,3,"2021-01-15 21:49:12"
677,"Lenco Umedecido",Higiene,1,"2021-01-15 21:49:30"
678,Coca-cola,Bebidas,3,"2021-01-15 21:49:30"
679,Pepsi,Bebidas,3,"2021-01-16 00:45:37"
680,"Lenco Umedecido",Higiene,2,"2021-01-16 00:45:37"
681,"Linguica Toscana",Alimentos,2,"2021-01-16 00:45:37"
682,Coca-cola,Bebidas,4,"2021-01-16 00:45:37"
683,"Papel Higienico",Higiene,4,"2021-01-16 00:45:37"
684,Pepsi,Bebidas,3,"2021-01-16 17:15:36"
685,"Linguica Toscana",Alimentos,5,"2021-01-16 17:15:58"
686,Fandangos,Alimentos,5,"2021-01-16 17:15:58"
687,Coca-cola,Bebidas,5,"2021-01-16 17:15:58"
688,"Linguica Toscana",Alimentos,1,"2021-01-16 17:16:16"
689,Fandangos,Alimentos,2,"2021-01-16 17:16:16"
690,"Linguica Toscana",Alimentos,3,"2021-01-16 17:16:16"
691,"Lenco Umedecido",Higiene,1,"2021-01-16 17:16:16"
692,"Lenco Umedecido",Higiene,1,"2021-01-16 17:16:16"
693,Coca-cola,Bebidas,4,"2021-01-16 17:16:16"
694,"Lenco Umedecido",Higiene,1,"2021-01-16 17:16:36"
695,"Papel Higienico",Higiene,4,"2021-01-16 17:16:36"
696,"Lenco Umedecido",Higiene,4,"2021-01-16 17:16:36"
697,Fandangos,Alimentos,1,"2021-01-16 17:16:36"
698,"Papel Higienico",Higiene,3,"2021-01-16 17:16:36"
699,"Linguica Toscana",Alimentos,3,"2021-01-16 17:16:55"
700,Pepsi,Bebidas,3,"2021-01-16 17:16:55"
701,Coca-cola,Bebidas,5,"2021-01-16 17:16:55"
702,Pepsi,Bebidas,1,"2021-01-16 17:16:55"
703,"Lenco Umedecido",Higiene,1,"2021-01-16 17:16:55"
704,"Papel Higienico",Higiene,3,"2021-01-16 17:16:55"
705,"Papel Higienico",Higiene,4,"2021-01-16 17:17:13"
706,"Linguica Toscana",Alimentos,4,"2021-01-16 17:17:31"
707,"Lenco Umedecido",Higiene,1,"2021-01-16 17:17:31"
708,Fandangos,Alimentos,5,"2021-01-16 17:17:31"
709,Coca-cola,Bebidas,4,"2021-01-16 17:17:31"
710,Fandangos,Alimentos,2,"2021-01-16 17:17:31"
711,Fandangos,Alimentos,2,"2021-01-16 17:17:50"
712,Fandangos,Alimentos,3,"2021-01-16 17:17:50"
713,"Lenco Umedecido",Higiene,2,"2021-01-16 17:17:50"
714,"Linguica Toscana",Alimentos,5,"2021-01-16 18:44:38"
715,"Lenco Umedecido",Higiene,5,"2021-01-16 18:44:38"
716,Pepsi,Bebidas,5,"2021-01-16 18:44:38"
717,Pepsi,Bebidas,2,"2021-01-16 18:44:57"
718,Coca-cola,Bebidas,1,"2021-01-16 18:44:57"
719,Pepsi,Bebidas,4,"2021-01-16 18:44:57"
720,"Lenco Umedecido",Higiene,5,"2021-01-16 18:45:15"
721,Fandangos,Alimentos,4,"2021-01-16 18:45:15"
722,Fandangos,Alimentos,3,"2021-01-16 18:45:32"
723,"Linguica Toscana",Alimentos,1,"2021-01-16 18:45:50"
724,Pepsi,Bebidas,2,"2021-01-16 18:45:50"
725,"Linguica Toscana",Alimentos,1,"2021-01-16 18:46:08"
726,Pepsi,Bebidas,4,"2021-01-16 18:46:08"
727,"Papel Higienico",Higiene,2,"2021-01-16 18:46:08"
728,Fandangos,Alimentos,4,"2021-01-16 18:46:26"
729,Fandangos,Alimentos,2,"2021-01-16 18:46:26"
730,Coca-cola,Bebidas,1,"2021-01-16 18:46:44"
731,Fandangos,Alimentos,1,"2021-01-16 18:46:44"
732,Coca-cola,Bebidas,1,"2021-01-16 18:46:44"
733,"Papel Higienico",Higiene,1,"2021-01-16 18:46:44"
734,"Papel Higienico",Higiene,5,"2021-01-16 18:46:44"
735,"Linguica Toscana",Alimentos,4,"2021-01-16 18:46:44"
736,Pepsi,Bebidas,1,"2021-01-16 18:47:02"
737,"Lenco Umedecido",Higiene,2,"2021-01-16 18:47:02"
738,Coca-cola,Bebidas,2,"2021-01-16 18:47:02"
739,"Papel Higienico",Higiene,1,"2021-01-16 18:47:02"
740,"Linguica Toscana",Alimentos,5,"2021-01-16 18:47:20"
741,Pepsi,Bebidas,2,"2021-01-16 18:47:20"
742,"Linguica Toscana",Alimentos,3,"2021-01-16 18:47:20"
743,"Linguica Toscana",Alimentos,3,"2021-01-16 18:47:20"
744,"Papel Higienico",Higiene,1,"2021-01-16 18:47:20"
745,"Linguica Toscana",Alimentos,1,"2021-01-16 18:47:38"
746,Pepsi,Bebidas,1,"2021-01-16 18:47:38"
747,"Lenco Umedecido",Higiene,3,"2021-01-16 18:47:38"
748,Fandangos,Alimentos,3,"2021-01-16 18:47:38"
749,Coca-cola,Bebidas,2,"2021-01-16 18:47:38"
750,"Lenco Umedecido",Higiene,1,"2021-01-16 18:47:38"
751,"Linguica Toscana",Alimentos,5,"2021-01-16 18:47:57"
752,Coca-cola,Bebidas,5,"2021-01-16 18:47:57"
753,"Lenco Umedecido",Higiene,3,"2021-01-16 18:47:57"
754,"Lenco Umedecido",Higiene,1,"2021-01-16 18:48:14"
755,Fandangos,Alimentos,3,"2021-01-16 18:48:14"
756,Coca-cola,Bebidas,5,"2021-01-16 18:48:14"
757,"Papel Higienico",Higiene,3,"2021-01-16 18:48:14"
758,Pepsi,Bebidas,2,"2021-01-16 18:48:32"
759,Coca-cola,Bebidas,5,"2021-01-16 18:48:32"
760,Pepsi,Bebidas,3,"2021-01-16 18:48:32"
761,"Linguica Toscana",Alimentos,1,"2021-01-16 18:48:32"
762,"Lenco Umedecido",Higiene,2,"2021-01-16 18:48:50"
763,"Linguica Toscana",Alimentos,2,"2021-01-16 18:48:50"
764,Fandangos,Alimentos,2,"2021-01-16 18:48:50"
765,Pepsi,Bebidas,3,"2021-01-16 18:48:50"
766,"Lenco Umedecido",Higiene,3,"2021-01-16 18:49:08"
767,"Lenco Umedecido",Higiene,600,"2021-01-16 18:49:26"
768,Coca-cola,Bebidas,5,"2021-01-16 18:49:26"
769,Fandangos,Alimentos,300,"2021-01-16 18:49:26"
770,Coca-cola,Bebidas,2,"2021-01-16 18:49:26"
771,Coca-cola,Bebidas,5,"2021-01-16 18:49:26"
772,Coca-cola,Bebidas,1,"2021-01-16 18:49:26"
773,"Lenco Umedecido",Higiene,2,"2021-01-16 18:49:44"
774,Fandangos,Alimentos,1,"2021-01-16 18:49:44"
775,Fandangos,Alimentos,4,"2021-01-16 18:49:44"
776,"Linguica Toscana",Alimentos,4,"2021-01-16 18:50:02"
777,Coca-cola,Bebidas,3,"2021-01-16 18:50:02"
778,Pepsi,Bebidas,5,"2021-01-16 18:50:02"
779,Coca-cola,Bebidas,2,"2021-01-16 18:50:02"
780,Fandangos,Alimentos,5,"2021-01-16 18:50:02"
781,"Papel Higienico",Higiene,3,"2021-01-16 18:50:02"
782,Pepsi,Bebidas,2,"2021-01-16 18:50:20"
783,Pepsi,Bebidas,2,"2021-01-16 18:50:20"
784,Fandangos,Alimentos,1,"2021-01-16 18:50:38"
785,"Papel Higienico",Higiene,5,"2021-01-16 18:50:38"
786,"Papel Higienico",Higiene,3,"2021-01-16 18:50:55"
787,Pepsi,Bebidas,3,"2021-01-16 18:51:13"
788,Fandangos,Alimentos,5,"2021-01-16 18:51:13"
789,"Lenco Umedecido",Higiene,3,"2021-01-16 18:51:13"
790,Coca-cola,Bebidas,5,"2021-01-16 18:51:13"
791,Fandangos,Alimentos,5,"2021-01-16 18:51:31"
792,Pepsi,Bebidas,5,"2021-01-16 18:51:31"
793,Coca-cola,Bebidas,2,"2021-01-16 18:51:31"
794,Coca-cola,Bebidas,5,"2021-01-16 18:51:31"
795,"Lenco Umedecido",Higiene,3,"2021-01-16 18:51:49"
796,"Linguica Toscana",Alimentos,5,"2021-01-16 18:51:49"
797,"Linguica Toscana",Alimentos,4,"2021-01-16 18:51:49"
798,Pepsi,Bebidas,1,"2021-01-16 18:51:49"
799,"Linguica Toscana",Alimentos,2,"2021-01-16 18:52:07"
800,Coca-cola,Bebidas,3,"2021-01-16 18:52:07"
801,Pepsi,Bebidas,2,"2021-01-16 18:52:07"
802,"Lenco Umedecido",Higiene,2,"2021-01-16 18:52:07"
803,Pepsi,Bebidas,1,"2021-01-16 18:52:07"
804,"Linguica Toscana",Alimentos,2,"2021-01-16 18:52:07"
805,Pepsi,Bebidas,1,"2021-01-16 18:52:25"
806,"Papel Higienico",Higiene,3,"2021-01-16 18:52:25"
807,"Lenco Umedecido",Higiene,2,"2021-01-16 18:52:25"
808,Coca-cola,Bebidas,1,"2021-01-16 18:52:43"
809,"Lenco Umedecido",Higiene,3,"2021-01-16 18:53:01"
810,Coca-cola,Bebidas,3,"2021-01-16 18:53:01"
811,Coca-cola,Bebidas,3,"2021-01-16 18:53:01"
812,Fandangos,Alimentos,3,"2021-01-16 18:53:01"
813,"Linguica Toscana",Alimentos,5,"2021-01-16 18:53:01"
814,Coca-cola,Bebidas,3,"2021-01-16 18:53:19"
815,"Lenco Umedecido",Higiene,5,"2021-01-16 18:53:19"
816,Fandangos,Alimentos,3,"2021-01-16 18:53:36"
817,"Lenco Umedecido",Higiene,3,"2021-01-16 18:53:54"
818,Pepsi,Bebidas,5,"2021-01-16 18:54:12"
819,"Papel Higienico",Higiene,3,"2021-01-16 18:54:12"
820,Pepsi,Bebidas,5,"2021-01-16 18:54:12"
821,"Lenco Umedecido",Higiene,3,"2021-01-16 18:54:12"
822,"Papel Higienico",Higiene,3,"2021-01-16 18:54:30"
823,"Papel Higienico",Higiene,3,"2021-01-16 18:54:30"
824,Pepsi,Bebidas,2,"2021-01-16 18:54:30"
825,Coca-cola,Bebidas,4,"2021-01-16 18:54:30"
826,"Linguica Toscana",Alimentos,5,"2021-01-16 18:54:30"
827,"Papel Higienico",Higiene,2,"2021-01-16 18:54:30"
828,Coca-cola,Bebidas,2,"2021-01-16 18:54:48"
829,Pepsi,Bebidas,2,"2021-01-16 18:54:48"
830,Fandangos,Alimentos,2,"2021-01-16 18:55:07"
831,Coca-cola,Bebidas,4,"2021-01-16 18:55:07"
832,"Linguica Toscana",Alimentos,1,"2021-01-16 18:55:07"
833,"Papel Higienico",Higiene,1,"2021-01-16 18:55:27"
834,Fandangos,Alimentos,5,"2021-01-16 18:55:27"
835,"Lenco Umedecido",Higiene,5,"2021-01-16 18:55:27"
836,Pepsi,Bebidas,1,"2021-01-16 18:55:27"
837,Fandangos,Alimentos,1,"2021-01-16 18:55:45"
838,"Lenco Umedecido",Higiene,5,"2021-01-16 18:55:45"
839,Coca-cola,Bebidas,5,"2021-01-16 18:55:45"
840,Pepsi,Bebidas,3,"2021-01-16 18:55:45"
841,"Papel Higienico",Higiene,4,"2021-01-16 18:55:45"
842,"Linguica Toscana",Alimentos,3,"2021-01-16 18:56:03"
843,"Papel Higienico",Higiene,3,"2021-01-16 18:56:21"
844,Pepsi,Bebidas,3,"2021-01-16 18:56:21"
845,Pepsi,Bebidas,5,"2021-01-16 18:56:21"
846,Coca-cola,Bebidas,4,"2021-01-16 18:56:39"
847,"Papel Higienico",Higiene,1,"2021-01-16 18:56:39"
848,"Lenco Umedecido",Higiene,5,"2021-01-16 18:56:39"
849,Coca-cola,Bebidas,5,"2021-01-16 18:56:39"
850,Fandangos,Alimentos,4,"2021-01-16 18:56:39"
851,"Papel Higienico",Higiene,5,"2021-01-16 18:56:39"
852,Coca-cola,Bebidas,1,"2021-01-16 18:56:57"
853,"Linguica Toscana",Alimentos,4,"2021-01-16 18:56:57"
854,"Linguica Toscana",Alimentos,5,"2021-01-16 18:56:57"
855,"Lenco Umedecido",Higiene,1,"2021-01-16 18:56:57"
856,Coca-cola,Bebidas,4,"2021-01-16 18:56:57"
857,"Linguica Toscana",Alimentos,2,"2021-01-16 18:57:16"
858,"Papel Higienico",Higiene,5,"2021-01-16 18:57:16"
859,"Linguica Toscana",Alimentos,2,"2021-01-16 18:57:16"
860,"Linguica Toscana",Alimentos,2,"2021-01-16 18:57:16"
861,"Papel Higienico",Higiene,3,"2021-01-16 18:57:16"
862,Coca-cola,Bebidas,1,"2021-01-16 18:57:34"
863,Coca-cola,Bebidas,3,"2021-01-16 18:57:34"
864,"Papel Higienico",Higiene,3,"2021-01-16 18:57:34"
865,"Linguica Toscana",Alimentos,1,"2021-01-16 18:57:34"
866,"Linguica Toscana",Alimentos,3,"2021-01-16 18:57:34"
867,Coca-cola,Bebidas,4,"2021-01-16 18:57:34"
868,"Papel Higienico",Higiene,4,"2021-01-16 18:57:52"
869,"Papel Higienico",Higiene,2,"2021-01-16 18:57:52"
870,Fandangos,Alimentos,5,"2021-01-16 18:57:52"
871,Pepsi,Bebidas,4,"2021-01-16 18:57:52"
872,Fandangos,Alimentos,4,"2021-01-16 18:58:10"
873,Fandangos,Alimentos,1,"2021-01-16 18:58:28"
874,Fandangos,Alimentos,1,"2021-01-16 18:58:28"
875,"Linguica Toscana",Alimentos,4,"2021-01-16 18:58:28"
876,"Linguica Toscana",Alimentos,5,"2021-01-16 18:58:28"
877,"Linguica Toscana",Alimentos,1,"2021-01-16 18:58:28"
878,Coca-cola,Bebidas,5,"2021-01-16 18:58:46"
879,"Papel Higienico",Higiene,3,"2021-01-16 18:58:46"
880,Pepsi,Bebidas,1,"2021-01-16 18:59:05"
881,"Papel Higienico",Higiene,1,"2021-01-16 18:59:05"
882,"Lenco Umedecido",Higiene,4,"2021-01-16 18:59:05"
883,Pepsi,Bebidas,3,"2021-01-16 18:59:24"
884,"Lenco Umedecido",Higiene,1,"2021-01-16 18:59:24"
885,Pepsi,Bebidas,1,"2021-01-16 18:59:24"
886,"Linguica Toscana",Alimentos,2,"2021-01-16 18:59:24"
887,"Lenco Umedecido",Higiene,3,"2021-01-16 18:59:24"
888,Coca-cola,Bebidas,1,"2021-01-16 18:59:24"
889,"Lenco Umedecido",Higiene,5,"2021-01-16 18:59:43"
890,"Papel Higienico",Higiene,5,"2021-01-16 18:59:43"
891,Coca-cola,Bebidas,3,"2021-01-16 18:59:43"
892,"Lenco Umedecido",Higiene,4,"2021-01-16 19:00:01"
893,Pepsi,Bebidas,4,"2021-01-16 19:00:19"
894,Pepsi,Bebidas,3,"2021-01-16 19:00:19"
895,Pepsi,Bebidas,4,"2021-01-16 19:00:19"
896,"Linguica Toscana",Alimentos,4,"2021-01-16 19:00:37"
897,Coca-cola,Bebidas,4,"2021-01-16 19:00:55"
898,"Lenco Umedecido",Higiene,3,"2021-01-16 19:00:55"
899,Fandangos,Alimentos,1,"2021-01-16 19:00:55"
900,"Lenco Umedecido",Higiene,1,"2021-01-16 19:00:55"
901,Coca-cola,Bebidas,1,"2021-01-16 19:00:55"
902,Coca-cola,Bebidas,2,"2021-01-16 19:00:55"
903,"Lenco Umedecido",Higiene,1,"2021-01-16 19:01:13"
904,"Papel Higienico",Higiene,1,"2021-01-16 19:01:13"
905,Pepsi,Bebidas,1,"2021-01-16 19:01:13"
906,"Linguica Toscana",Alimentos,4,"2021-01-16 19:01:13"
907,"Papel Higienico",Higiene,5,"2021-01-16 19:01:13"
908,"Linguica Toscana",Alimentos,5,"2021-01-16 19:01:31"
909,"Papel Higienico",Higiene,3,"2021-01-16 19:01:31"
910,Coca-cola,Bebidas,1,"2021-01-16 19:01:31"
911,Pepsi,Bebidas,4,"2021-01-16 19:01:31"
912,"Papel Higienico",Higiene,2,"2021-01-16 19:01:31"
913,Fandangos,Alimentos,2,"2021-01-16 19:01:31"
914,Fandangos,Alimentos,3,"2021-01-16 19:01:49"
915,"Linguica Toscana",Alimentos,2,"2021-01-16 19:01:49"
916,"Linguica Toscana",Alimentos,3,"2021-01-16 19:02:07"
917,Pepsi,Bebidas,3,"2021-01-16 19:02:25"
918,"Papel Higienico",Higiene,3,"2021-01-16 19:02:25"
919,Fandangos,Alimentos,5,"2021-01-16 19:02:25"
920,Fandangos,Alimentos,3,"2021-01-16 19:02:25"
921,Fandangos,Alimentos,1,"2021-01-16 19:02:43"
922,Fandangos,Alimentos,4,"2021-01-16 19:02:43"
923,Fandangos,Alimentos,3,"2021-01-16 19:02:43"
924,"Papel Higienico",Higiene,3,"2021-01-16 19:03:01"
925,Pepsi,Bebidas,3,"2021-01-16 19:03:01"
926,Fandangos,Alimentos,1,"2021-01-16 19:03:19"
927,"Lenco Umedecido",Higiene,3,"2021-01-16 19:03:19"
928,"Linguica Toscana",Alimentos,2,"2021-01-16 19:03:19"
929,Fandangos,Alimentos,1,"2021-01-16 19:03:37"
930,"Papel Higienico",Higiene,3,"2021-01-16 19:03:37"
931,"Lenco Umedecido",Higiene,1,"2021-01-16 19:03:37"
932,Coca-cola,Bebidas,1,"2021-01-16 19:03:37"
933,"Lenco Umedecido",Higiene,5,"2021-01-16 19:03:55"
934,"Lenco Umedecido",Higiene,2,"2021-01-16 19:03:55"
935,Fandangos,Alimentos,3,"2021-01-16 19:03:55"
936,Coca-cola,Bebidas,2,"2021-01-16 19:03:55"
937,"Papel Higienico",Higiene,1,"2021-01-16 19:04:14"
938,"Papel Higienico",Higiene,5,"2021-01-16 19:04:14"
939,"Papel Higienico",Higiene,5,"2021-01-16 19:04:14"
940,"Lenco Umedecido",Higiene,5,"2021-01-16 19:04:14"
941,Pepsi,Bebidas,5,"2021-01-16 19:04:14"
942,"Papel Higienico",Higiene,1,"2021-01-16 19:04:32"
943,Coca-cola,Bebidas,2,"2021-01-16 19:04:32"
944,"Papel Higienico",Higiene,5,"2021-01-16 19:04:32"
945,Fandangos,Alimentos,5,"2021-01-16 19:04:32"
946,Fandangos,Alimentos,5,"2021-01-16 19:04:32"
947,"Lenco Umedecido",Higiene,3,"2021-01-16 19:04:50"
948,Pepsi,Bebidas,2,"2021-01-16 19:04:50"
949,"Linguica Toscana",Alimentos,1,"2021-01-16 19:04:50"
950,Coca-cola,Bebidas,2,"2021-01-16 19:04:50"
951,Coca-cola,Bebidas,1,"2021-01-16 19:04:50"
952,"Lenco Umedecido",Higiene,2,"2021-01-16 19:05:08"
953,"Lenco Umedecido",Higiene,4,"2021-01-16 19:05:08"
954,"Linguica Toscana",Alimentos,2,"2021-01-16 19:05:26"
955,"Linguica Toscana",Alimentos,1,"2021-01-16 19:05:44"
956,Pepsi,Bebidas,4,"2021-01-16 19:05:44"
957,"Lenco Umedecido",Higiene,2,"2021-01-16 19:05:44"
958,Coca-cola,Bebidas,4,"2021-01-16 19:05:44"
959,"Papel Higienico",Higiene,1,"2021-01-16 19:05:44"
960,"Lenco Umedecido",Higiene,5,"2021-01-16 19:06:02"
961,"Lenco Umedecido",Higiene,2,"2021-01-16 19:06:02"
962,Coca-cola,Bebidas,3,"2021-01-16 19:06:02"
963,Coca-cola,Bebidas,1,"2021-01-16 19:06:02"
964,Coca-cola,Bebidas,1,"2021-01-16 19:06:02"
965,"Lenco Umedecido",Higiene,1,"2021-01-16 19:06:02"
966,"Linguica Toscana",Alimentos,4,"2021-01-16 19:06:21"
967,"Papel Higienico",Higiene,1,"2021-01-16 19:06:38"
968,Pepsi,Bebidas,4,"2021-01-16 19:06:38"
969,"Papel Higienico",Higiene,2,"2021-01-16 19:06:38"
970,"Lenco Umedecido",Higiene,3,"2021-01-16 19:06:38"
971,"Linguica Toscana",Alimentos,4,"2021-01-16 19:06:56"
972,"Lenco Umedecido",Higiene,5,"2021-01-16 19:07:14"
973,"Linguica Toscana",Alimentos,2,"2021-01-16 19:07:14"
974,Coca-cola,Bebidas,5,"2021-01-16 19:07:14"
975,Pepsi,Bebidas,3,"2021-01-16 19:07:32"
976,Pepsi,Bebidas,4,"2021-01-16 19:07:32"
977,Coca-cola,Bebidas,4,"2021-01-16 19:07:32"
978,"Lenco Umedecido",Higiene,3,"2021-01-16 19:07:32"
979,"Papel Higienico",Higiene,3,"2021-01-16 19:07:50"
980,Coca-cola,Bebidas,5,"2021-01-16 19:07:50"
981,"Linguica Toscana",Alimentos,2,"2021-01-16 19:07:50"
982,Fandangos,Alimentos,5,"2021-01-16 19:07:50"
983,"Papel Higienico",Higiene,3,"2021-01-16 19:08:08"
984,"Papel Higienico",Higiene,5,"2021-01-16 19:08:26"
985,Coca-cola,Bebidas,2,"2021-01-16 19:08:26"
986,Fandangos,Alimentos,2,"2021-01-16 19:08:26"
987,Coca-cola,Bebidas,3,"2021-01-16 19:08:44"
988,"Lenco Umedecido",Higiene,4,"2021-01-16 19:08:44"
989,Coca-cola,Bebidas,4,"2021-01-16 19:08:44"
990,Pepsi,Bebidas,5,"2021-01-16 19:08:44"
991,Pepsi,Bebidas,2,"2021-01-16 19:09:02"
992,Fandangos,Alimentos,5,"2021-01-16 19:09:02"
993,Pepsi,Bebidas,5,"2021-01-16 19:09:20"
994,"Lenco Umedecido",Higiene,2,"2021-01-16 19:09:20"
995,Coca-cola,Bebidas,2,"2021-01-16 19:09:20"
996,"Lenco Umedecido",Higiene,4,"2021-01-16 19:09:20"
997,"Lenco Umedecido",Higiene,1,"2021-01-16 19:09:20"
998,"Papel Higienico",Higiene,5,"2021-01-16 19:09:20"
